{"cameraMode":{"drawMode":0,"name":"Shaded","section":"Shading Mode"},"sceneLighting":true,"audioPlay":false,"sceneViewState":{"m_AlwaysRefresh":false,"showFog":true,"showSkybox":true,"showFlares":true,"showImageEffects":true,"showParticleSystems":true,"showVisualEffectGraphs":true,"m_FxEnabled":true},"in2DMode":false,"pivot":{"x":176.24966430664063,"y":80.80740356445313,"z":-65.81668090820313},"rotation":{"x":0.48485666513442995,"y":-0.023608747869729997,"z":0.013094588182866574,"w":0.8741819262504578},"size":290.1546325683594,"orthographic":false}